num_clients,rps_per_worker,planned_total_rps,num_targets,total_requests,elapsed_time_s,real_rps,errors
16,2.0,32.0,1,,,,
,2.0,,,378,180.022,2.1,0
,2.0,,,355,180.067,1.971,0
,2.0,,,356,180.085,1.977,0
,2.0,,,349,180.122,1.938,0
,2.0,,,333,180.153,1.848,0
,2.0,,,384,180.216,2.131,0
,2.0,,,341,180.205,1.892,0
,2.0,,,348,180.273,1.93,0
,2.0,,,358,180.325,1.985,0
,2.0,,,372,180.355,2.063,0
,2.0,,,358,180.433,1.984,0
,2.0,,,352,180.602,1.949,0
,2.0,,,362,180.771,2.003,0
,2.0,,,353,181.02,1.95,0
,2.0,,,337,181.013,1.862,0
,2.0,,,352,181.417,1.94,0
