file,baseline_mean_ms,baseline_std_ms,baseline_n_samples,burst_floor_ms,total_windows,bursts_detected,detection_rate,avg_entropy,avg_max_z,max_max_z,avg_cusum,max_cusum
experiment_results/wedos_grid/rtt_log_S1_atk10pct_wu200000_stage1a_rep1.csv,16.413147614027885,19.109546438813116,798,29.543665705250195,18,0,0.0,1.388,3.818,7.36,31.2,86.0
experiment_results/wedos_grid/rtt_log_S1_atk10pct_wu300000_stage1a_rep1.csv,15.096271171110118,18.55740981927033,748,27.173288107998214,18,0,0.0,1.391,5.382,14.38,84.0,450.0
experiment_results/wedos_grid/rtt_log_S1_atk10pct_wu325000_stage1b_rep1.csv,15.936696666233944,19.030188093079293,797,28.686053999221098,18,12,0.667,1.542,6.086,14.31,61001.6,135322.0
experiment_results/wedos_grid/rtt_log_S1_atk10pct_wu325000_stage1b_rep2.csv,19.08236986190199,25.550469595540914,790,34.34826575142358,18,0,0.0,1.478,4.685,9.11,239.8,1414.0
experiment_results/wedos_grid/rtt_log_S1_atk10pct_wu325000_stage1b_rep3.csv,15.046809152355966,18.352585801483077,755,27.08425647424074,18,0,0.0,1.504,4.008,6.3,179.8,839.0
experiment_results/wedos_grid/rtt_log_S1_atk10pct_wu350000_stage1b_rep1.csv,17.242909259771185,19.6411433829223,820,31.037236667588132,18,0,0.0,1.461,4.882,9.37,43.2,352.0
experiment_results/wedos_grid/rtt_log_S1_atk10pct_wu350000_stage1b_rep2.csv,16.745704943290146,19.32932000132655,829,30.142268897922264,18,0,0.0,1.47,5.006,8.91,446.3,2359.0
experiment_results/wedos_grid/rtt_log_S1_atk10pct_wu350000_stage1b_rep3.csv,17.129046147215288,19.53679450116296,781,30.832283064987518,18,0,0.0,1.571,4.783,9.28,234.6,1447.0
experiment_results/wedos_grid/rtt_log_S1_atk10pct_wu375000_stage1b_rep1.csv,15.626862503126555,18.746238740294995,797,28.1283525056278,18,0,0.0,1.518,4.589,11.34,832.4,4215.0
experiment_results/wedos_grid/rtt_log_S1_atk10pct_wu375000_stage1b_rep2.csv,16.85130680794163,19.47173264931045,854,30.332352254294932,18,0,0.0,1.469,4.115,7.9,129.6,666.0
experiment_results/wedos_grid/rtt_log_S1_atk10pct_wu375000_stage1b_rep3.csv,16.167931159716694,19.018113162811936,751,29.10227608749005,18,1,0.056,1.444,5.496,17.64,1251.1,7268.0
experiment_results/wedos_grid/rtt_log_S1_atk10pct_wu400000_stage1a_rep1.csv,18.717631997400225,20.024529391412663,767,33.691737595320404,18,10,0.556,1.595,6.133,30.7,189427.8,249147.0
experiment_results/wedos_grid/rtt_log_S1_atk10pct_wu500000_stage1a_rep1.csv,16.050906347244226,19.584242051867164,743,28.891631425039606,18,13,0.722,1.494,6.571,26.57,169513.4,226188.0
experiment_results/wedos_grid/rtt_log_S1_atk1pct_wu200000_stage1a_rep1.csv,14.662737639904323,18.235517870477672,772,26.39292775182778,18,0,0.0,1.229,2.432,6.22,13.9,107.0
experiment_results/wedos_grid/rtt_log_S1_atk1pct_wu300000_stage1a_rep1.csv,16.351072898380874,18.99157210485914,738,29.431931217085573,18,0,0.0,1.097,4.862,12.47,8.2,42.0
experiment_results/wedos_grid/rtt_log_S1_atk1pct_wu400000_stage1a_rep1.csv,16.55527847771076,19.160983174516947,785,29.79950125987937,18,0,0.0,1.126,5.403,14.67,11.3,42.0
experiment_results/wedos_grid/rtt_log_S1_atk1pct_wu500000_stage1a_rep1.csv,16.895270742699616,19.289580694147052,754,30.41148733685931,18,2,0.111,1.068,6.551,29.76,2085.7,16624.0
experiment_results/wedos_grid/rtt_log_S1_atk5pct_wu200000_stage1a_rep1.csv,17.008342727493254,19.52033396477022,844,30.615016909487856,18,0,0.0,1.213,4.103,9.57,17.9,65.0
experiment_results/wedos_grid/rtt_log_S1_atk5pct_wu300000_stage1a_rep1.csv,16.591754533010022,19.270001837187248,773,29.86515815941804,18,0,0.0,1.287,4.292,6.47,36.8,382.0
experiment_results/wedos_grid/rtt_log_S1_atk5pct_wu400000_stage1a_rep1.csv,19.205096770084573,25.128858803639375,822,34.56917418615223,18,0,0.0,1.33,4.863,8.55,68.7,1066.0
experiment_results/wedos_grid/rtt_log_S1_atk5pct_wu500000_stage1a_rep1.csv,17.061699644413004,19.40336160298019,748,30.71105935994341,18,0,0.0,1.306,5.726,10.89,50.7,293.0
experiment_results/wedos_grid/rtt_log_S2_atk0.5pct_wu500000_stage1b_rep1.csv,26.617399344964266,21.414879439002792,1977,47.911318820935676,19,4,0.211,1.047,8.876,26.77,159845.6,464670.0
experiment_results/wedos_grid/rtt_log_S2_atk0.5pct_wu500000_stage1b_rep2.csv,26.50817612425169,21.42054844431971,1996,47.714717023653044,19,0,0.0,1.361,6.198,13.31,19.9,70.0
experiment_results/wedos_grid/rtt_log_S2_atk0.5pct_wu500000_stage1b_rep3.csv,27.628266915686996,21.365206888126597,2040,49.7308804482366,19,0,0.0,1.352,7.369,13.35,27.1,202.0
experiment_results/wedos_grid/rtt_log_S2_atk10pct_wu200000_stage1a_rep1.csv,26.680964574414286,21.445254056356674,1915,48.025736233945715,18,0,0.0,1.649,6.291,9.79,8859.5,39022.0
experiment_results/wedos_grid/rtt_log_S2_atk10pct_wu300000_stage1a_rep1.csv,28.715178598586395,27.418513116877815,2003,51.68732147745551,18,0,0.0,1.551,6.867,12.96,30873.6,73068.0
experiment_results/wedos_grid/rtt_log_S2_atk10pct_wu400000_stage1a_rep1.csv,27.781530475307818,21.518677429080334,1965,50.00675485555407,18,14,0.778,1.529,9.296,81.76,1633975.3,2097621.0
experiment_results/wedos_grid/rtt_log_S2_atk10pct_wu500000_stage1a_rep1.csv,26.932942055525395,21.35527128866525,2053,48.47929569994571,18,15,0.833,1.622,9.416,92.38,3488735.3,4975829.0
experiment_results/wedos_grid/rtt_log_S2_atk1pct_wu200000_stage1a_rep1.csv,27.626136299013258,21.477288890650478,2040,49.72704533822387,18,0,0.0,1.411,4.002,13.63,14.4,123.0
experiment_results/wedos_grid/rtt_log_S2_atk1pct_wu300000_stage1a_rep1.csv,28.504262490817066,25.890733488212742,1960,51.30767248347072,18,0,0.0,1.427,4.734,7.97,190.3,2830.0
experiment_results/wedos_grid/rtt_log_S2_atk1pct_wu400000_stage1a_rep1.csv,27.04129942820511,21.41881517436443,1971,48.6743389707692,18,0,0.0,1.379,6.459,11.97,57.9,603.0
experiment_results/wedos_grid/rtt_log_S2_atk1pct_wu425000_stage1b_rep1.csv,26.264723748551983,21.434946537543404,2033,47.27650274739357,19,0,0.0,1.419,5.728,16.78,21.8,153.0
experiment_results/wedos_grid/rtt_log_S2_atk1pct_wu425000_stage1b_rep2.csv,26.598383661994465,21.32359280803848,1941,47.87709059159004,18,0,0.0,1.364,6.291,20.93,112.8,1721.0
experiment_results/wedos_grid/rtt_log_S2_atk1pct_wu425000_stage1b_rep3.csv,26.597391394559335,21.369695529126865,1992,47.8753045102068,18,0,0.0,1.343,5.93,11.86,15.2,51.0
experiment_results/wedos_grid/rtt_log_S2_atk1pct_wu450000_stage1b_rep1.csv,26.746309347875172,21.3024543978581,2032,48.143356826175314,18,0,0.0,1.295,5.358,19.05,11.8,44.0
experiment_results/wedos_grid/rtt_log_S2_atk1pct_wu450000_stage1b_rep2.csv,25.83350687279232,21.313222385613784,2013,46.500312371026176,18,0,0.0,1.397,5.81,12.67,33.9,271.0
experiment_results/wedos_grid/rtt_log_S2_atk1pct_wu450000_stage1b_rep3.csv,26.54591031604098,21.301343299821077,2047,47.782638568873764,18,0,0.0,1.387,5.913,18.1,20.2,58.0
experiment_results/wedos_grid/rtt_log_S2_atk1pct_wu475000_stage1b_rep1.csv,25.23420938903788,21.467736564282443,1861,45.421576900268185,19,0,0.0,1.296,6.972,15.03,2721.5,15992.0
experiment_results/wedos_grid/rtt_log_S2_atk1pct_wu475000_stage1b_rep2.csv,26.590342042510084,21.505544109207477,1976,47.86261567651815,19,3,0.158,1.311,8.215,30.82,156645.1,252053.0
experiment_results/wedos_grid/rtt_log_S2_atk1pct_wu475000_stage1b_rep3.csv,26.84503428799288,21.38256393392121,1941,48.321061718387185,19,2,0.105,1.185,8.365,34.24,97089.1,130425.0
experiment_results/wedos_grid/rtt_log_S2_atk1pct_wu500000_stage1a_rep1.csv,27.151647542210004,21.69963161500375,1955,48.87296557597801,18,0,0.0,1.317,8.113,17.71,1574.6,7288.0
experiment_results/wedos_grid/rtt_log_S2_atk1pct_wu500000_stage1b_confirm_rep2.csv,26.488168331957123,21.4518272283748,1940,47.67870299752282,19,0,0.0,1.413,7.696,17.13,272.6,4106.0
experiment_results/wedos_grid/rtt_log_S2_atk1pct_wu500000_stage1b_confirm_rep3.csv,26.395952765247173,21.42179031327349,1951,47.512714977444915,19,0,0.0,1.322,7.764,21.47,4127.6,17283.0
experiment_results/wedos_grid/rtt_log_S2_atk5pct_wu200000_stage1a_rep1.csv,27.46962366454797,21.351600705524234,2048,49.44532259618635,18,0,0.0,1.516,5.502,13.02,853.8,8152.0
experiment_results/wedos_grid/rtt_log_S2_atk5pct_wu300000_stage1a_rep1.csv,27.320582032889256,21.465425820768914,2007,49.17704765920066,18,2,0.111,1.544,7.324,27.9,103361.2,141715.0
experiment_results/wedos_grid/rtt_log_S2_atk5pct_wu400000_stage1a_rep1.csv,27.4496502886745,22.05463617527695,1926,49.4093705196141,18,10,0.556,1.404,7.233,33.5,334487.8,532962.0
experiment_results/wedos_grid/rtt_log_S2_atk5pct_wu500000_stage1a_rep1.csv,26.44410918727091,21.400082468426998,1933,47.59939653708764,18,13,0.722,1.503,6.779,37.03,939332.4,1388460.0
experiment_results/wedos_grid/rtt_log_S3_atk10pct_wu200000_stage1a_rep1.csv,34.87741012045007,21.485938591481688,3886,62.77933821681013,18,2,0.111,1.701,8.961,61.78,738140.6,896905.0
experiment_results/wedos_grid/rtt_log_S3_atk10pct_wu300000_stage1a_rep1.csv,34.20598207841804,20.578225902833523,3927,61.57076774115247,19,7,0.368,1.418,11.266,98.26,4680763.4,5822626.0
experiment_results/wedos_grid/rtt_log_S3_atk10pct_wu400000_stage1a_rep1.csv,34.39785108003401,20.547203132375838,3886,61.91613194406122,17,16,0.941,2.617,8.82,95.88,1088074.5,1670837.0
experiment_results/wedos_grid/rtt_log_S3_atk10pct_wu500000_stage1a_rep1.csv,38.68586221523411,41.09048406318896,3861,69.6345519874214,18,13,0.722,0.856,8.517,31.68,1426882.8,2166337.0
experiment_results/wedos_grid/rtt_log_S3_atk1pct_wu100000_stage1b_rep1.csv,34.18726103606865,20.476445944202105,3826,61.537069864923566,19,0,0.0,1.705,3.209,5.7,4.3,17.0
experiment_results/wedos_grid/rtt_log_S3_atk1pct_wu100000_stage1b_rep2.csv,34.317206704677716,20.326460352636406,3911,61.77097206841989,19,0,0.0,1.674,3.422,5.11,5.2,17.0
experiment_results/wedos_grid/rtt_log_S3_atk1pct_wu125000_stage1b_rep1.csv,34.12686623789706,20.633322540881206,3842,61.42835922821471,19,0,0.0,1.645,4.901,9.48,202.5,3662.0
experiment_results/wedos_grid/rtt_log_S3_atk1pct_wu125000_stage1b_rep2.csv,34.35706311584598,20.39683535198304,3781,61.84271360852277,19,0,0.0,1.551,4.719,12.19,89.5,1568.0
experiment_results/wedos_grid/rtt_log_S3_atk1pct_wu150000_stage1b_rep1.csv,34.172649061031656,20.320638798752647,3949,61.510768309856985,19,0,0.0,1.645,5.148,9.28,119.1,2162.0
experiment_results/wedos_grid/rtt_log_S3_atk1pct_wu150000_stage1b_rep2.csv,34.28980165037384,20.42303297396354,3907,61.72164297067291,19,0,0.0,1.594,5.609,10.28,17.4,80.0
experiment_results/wedos_grid/rtt_log_S3_atk1pct_wu175000_stage1b_rep1.csv,33.91158459916703,20.62027263655012,3822,61.04085227850065,19,0,0.0,1.423,6.499,12.43,2352.8,18073.0
experiment_results/wedos_grid/rtt_log_S3_atk1pct_wu175000_stage1b_rep2.csv,34.202328043320456,20.531129788893868,3832,61.56419047797682,19,0,0.0,1.619,5.647,9.69,11.3,58.0
experiment_results/wedos_grid/rtt_log_S3_atk1pct_wu200000_stage1a_rep1.csv,33.84551736555095,20.653640889388566,3849,60.92193125799171,19,0,0.0,1.499,7.382,21.42,784.0,8718.0
experiment_results/wedos_grid/rtt_log_S3_atk1pct_wu300000_mystery_rep1.csv,33.794554043391784,20.454227041542747,3781,60.83019727810521,19,0,0.0,1.562,7.352,17.86,2015.8,11843.0
experiment_results/wedos_grid/rtt_log_S3_atk1pct_wu300000_mystery_rep2.csv,34.76046775278847,20.443284994887584,3859,62.56884195501925,19,0,0.0,1.447,7.444,14.49,231.0,2924.0
experiment_results/wedos_grid/rtt_log_S3_atk1pct_wu300000_mystery_rep3.csv,34.36975593563722,20.330620455281323,3853,61.865560684147,19,0,0.0,1.469,7.349,16.77,2014.5,17500.0
experiment_results/wedos_grid/rtt_log_S3_atk1pct_wu300000_stage1a_rep1.csv,34.352566220101195,20.931572987795704,3780,61.83461919618215,19,0,0.0,1.39,7.775,23.24,7014.3,47363.0
experiment_results/wedos_grid/rtt_log_S3_atk1pct_wu400000_stage1a_rep1.csv,34.001433910621635,20.586162986267656,3826,61.20258103911895,19,0,0.0,1.453,7.778,20.29,1756.8,16213.0
experiment_results/wedos_grid/rtt_log_S3_atk1pct_wu500000_stage1a_rep1.csv,34.907060886956565,20.738961800056618,3769,62.832709596521816,19,0,0.0,1.115,11.146,48.17,23232.7,113088.0
experiment_results/wedos_grid/rtt_log_S3_atk5pct_wu200000_stage1a_rep1.csv,35.09931942202415,20.34617913203335,3957,63.17877495964348,19,0,0.0,1.873,6.173,19.85,19198.0,85093.0
experiment_results/wedos_grid/rtt_log_S3_atk5pct_wu300000_stage1a_rep1.csv,34.46988831519567,22.609005341857245,3801,62.045798967352205,18,5,0.278,1.35,8.815,33.98,1200653.1,1418986.0
experiment_results/wedos_grid/rtt_log_S3_atk5pct_wu400000_stage1a_rep1.csv,34.71828751389038,20.899521412703287,3884,62.49291752500269,19,7,0.368,1.497,9.508,61.91,1608762.7,2054481.0
experiment_results/wedos_grid/rtt_log_S3_atk5pct_wu500000_stage1a_rep1.csv,44.51545726941106,117.178795025212,3823,80.1278230849399,19,13,0.684,1.538,5.53,12.3,1855807.5,2523414.0
experiment_results/wedos_grid/rtt_log_S4_atk10pct_wu200000_stage1a_rep1.csv,39.99795091108007,21.64704502330461,5240,71.99631163994412,19,2,0.105,1.59,11.537,96.35,531106.7,692792.0
experiment_results/wedos_grid/rtt_log_S4_atk10pct_wu300000_stage1a_rep1.csv,39.81043315803814,21.310985896390243,5373,71.65877968446866,16,15,0.938,2.444,9.749,101.89,1741162.2,2379481.0
experiment_results/wedos_grid/rtt_log_S4_atk10pct_wu400000_stage1a_rep1.csv,44.06535622716997,118.09733464047446,2725,79.31764120890595,18,9,0.5,1.546,6.337,25.47,503807.6,1581606.0
experiment_results/wedos_grid/rtt_log_S4_atk10pct_wu500000_stage1a_rep1.csv,41.43852813277214,29.619593171001107,5099,74.58935063898986,19,18,0.947,1.408,8.073,65.32,1689613.0,2274639.0
experiment_results/wedos_grid/rtt_log_S4_atk1pct_wu200000_stage1a_rep1.csv,43.89756499728685,90.19128154071169,4043,79.01561699511633,19,0,0.0,1.858,4.706,9.68,0.2,2.0
experiment_results/wedos_grid/rtt_log_S4_atk1pct_wu300000_stage1a_rep1.csv,40.57579327492991,21.62933940828858,5423,73.03642789487384,19,0,0.0,1.492,8.487,32.08,1181.5,10769.0
experiment_results/wedos_grid/rtt_log_S4_atk1pct_wu400000_stage1a_rep1.csv,39.12995421994651,19.963705940110028,5456,70.43391759590372,19,0,0.0,1.282,14.173,90.65,11485.2,59543.0
experiment_results/wedos_grid/rtt_log_S4_atk1pct_wu500000_stage1a_rep1.csv,38.560937601343575,20.06518846876283,5408,69.40968768241844,19,0,0.0,1.03,15.422,97.18,20832.3,96817.0
experiment_results/wedos_grid/rtt_log_S4_atk5pct_wu200000_stage1a_rep1.csv,39.076444982027084,20.633987352257083,5335,70.33760096764875,19,0,0.0,1.596,9.056,51.56,80366.1,152032.0
experiment_results/wedos_grid/rtt_log_S4_atk5pct_wu300000_stage1a_rep1.csv,39.12068451611939,19.869348202649483,5371,70.4172321290149,19,6,0.316,1.78,7.723,36.53,1290325.4,1914592.0
experiment_results/wedos_grid/rtt_log_S4_atk5pct_wu400000_stage1a_rep1.csv,38.4495941132608,19.912149103218294,5492,69.20926940386944,19,2,0.105,1.052,13.564,88.53,497861.2,741639.0
experiment_results/wedos_grid/rtt_log_S4_atk5pct_wu500000_stage1a_rep1.csv,38.84395425286922,19.994821237057547,5406,69.9191176551646,19,8,0.421,1.047,11.513,82.29,952927.4,1370889.0
